Type,Content
Title,"Best IT, IELTS, PTE, Korean & Language Courses in Faisalabad"
H1,"Excel in IELTS, PTE, Korean, German & More, Step into Your Brighter Tomorrow!"
H2,35+ Years of Excellence in Quality Education
H2,Achieve Your Dreams with World-Class Language Training Courses in Faisalabad
H2,Why 100K+ Students Choose British Institute Faisalabad
H2,Here’s what our Current Students have to say...
H2,"Scope of Graphic Designing in Pakistan: Opportunities, Trends, and Future Prospects"
H2,Language and IT Courses Tips & Updates
H2,Transform Your Future Today! Enroll Now and Start Your Language Learning Journey with Expert Guidance.
H3,IELTS Preparation | PTE
H3,Korean Language Courses
H3,German Language Courses
H3,Chinese Language Course
H3,English Language Course
H3,Japanese Language Courses
H3,Digital Skills Courses
H3,Contact Brunches
Paragraph,"Achieve Band 7+ in IELTS, Ace PTE Exams, or Learn 5+ International Languages with Certified Experts at British Institute Faisalabad. Join 100K+ Students Who Trusted Us! Alhamdulilah."
Paragraph,"Since its establishment in 1989, British Institute Faisalabad has been a cornerstone of educational excellence. From the very beginning, our mission has been clear: to deliver world-class education through a team of highly qualified and experienced faculty, adhering to the highest international standards."
Paragraph,"Achieving this level of excellence is no small feat, but our unwavering commitment to quality has made it possible. Today, we proudly continue to empower students with the skills and knowledge they need to succeed globally."
Paragraph,"Get British Council-certified training for IELTS & PTE. 98% Pass Rate with Personalized Coaching, Mock Tests, and Band 7+ Guarantee!"
Paragraph,Master Hangul with K-pop & K-drama-inspired lessons! Beginner to TOPIK Levels. Learn from Native Korean Instructors.
Paragraph,"Goethe-Zertifikat Training from A1 to C1. Ideal for Study, Work, or Immigration. Interactive Classes with Cultural Immersion!"
Paragraph,Master Chinese with culture and business-inspired lessons! Beginner to HSK Levels. Learn from Native Instructors and unlock study or work visa opportunities in China from Pakistan.
Paragraph,"Master General & Business English from Basic to Advanced Levels. Build Real-World Communication Skills for Work, Travel & Daily Life!"
Paragraph,"Master Japanese with anime, manga, and culture-inspired lessons! Beginner to JLPT Levels. Learn from Native Instructors and prepare for a Japan work visa from Pakistan."
Paragraph,of students were served successfully*
Paragraph,The Best IELTS institute in Town. I was very confused before joining but Alhamdulilah best decision ever. Got more than required bands. With the help of my teacher Sir Haider. Alhamdulilah.
Paragraph,"Hello.. I am Zamar Ahmed. I joined British Institute 2 months ago and got desire band which is 6 and I am very happy. Moreover, teaching staff is very brilliant and guide you. If any want to get high score in IELTS then they should visit BRITISH INSTITUTE."
Paragraph,"Sir Junaid’s teaching style is outstanding! His explanations are clear, and his tips really help in improving all four IELTS modules. Highly recommended!”"
Paragraph,I am recently enrolled in this institute in ielts class. I am wholeheartedly satisfied with their learning style and friendly environment. Especially sir haider inspired me most. I highly recommend everyone must join this institute.
Paragraph,"The PTE course at British Institute is top-notch. The trainers are experienced, and the study material is excellent. I achieved my"
Paragraph,"I joined British Institute to learn Korean for work, and it was an amazing experience. The native instructors and cultural insights made the classes truly unique. I really missed the moments that i studied in this institute. Highly recommend!"
Paragraph,The Digital Marketing course at British Institute transformed my career. I learned everything from SEO to social media marketing and landed a job right after completing the course! Sir g miss you
Paragraph,My name is Awais .I have done my Ielts in just 7 days. First I was guided by sir Abid and then I taught by sir junaid they both helped me in my tough time so I recommend all of you to come and join
Paragraph,"Discover expert tips, exam strategies, and the latest updates for IELTS, PTE, Korean, German, and more! Plus, explore insights on computer courses like Digital Marketing and Web Development. Stay ahead with actionable advice, success stories, and industry trends to boost your skills and career prospects."
